INSERT INTO observation_sites (id, name) VALUES
  ('48740B1B-0AA2-48DD-9EEE-C14B6AC3258C', 'Central Park Bird Sanctuary'),
  ('E1A2B3C4-D5F6-4789-ABCD-EF1234567890', 'Cape May Migration Watch'),
  ('F0E1D2C3-B4A5-4978-9876-543210FEDCBA', 'Point Reyes Seashore Lookout');

INSERT INTO birders (id, name, joined_at) VALUES
  ('D5F7BA6A-19C2-42F3-8080-17F098BB807D', 'Alice Johnson', '2024-01-15T08:00:00Z'),
  ('507259D3-B912-4DBE-9D87-D5F06741B021', 'Bob Smith',     '2024-01-16T09:00:00Z'),
  ('A1111111-1111-4111-8111-111111111111', 'Carol Davis',   '2024-02-01T10:00:00Z'),
  ('A2222222-2222-4222-8222-222222222222', 'Dan Lee',       '2024-02-05T11:00:00Z'),
  ('A3333333-3333-4333-8333-333333333333', 'Eve Martinez',  '2024-02-10T12:00:00Z'),
  ('A4444444-4444-4444-8444-444444444444', 'Frank Patel',   '2024-02-15T13:00:00Z'),
  ('A5555555-5555-4555-8555-555555555555', 'Grace Kim',     '2024-02-20T14:00:00Z'),
  ('A6666666-6666-4666-8666-666666666666', 'Henry Wright',  '2024-02-25T15:00:00Z');

INSERT INTO time_slots (id, site_id, starts_at, ends_at, reserved) VALUES
  ('TS-01', '48740B1B-0AA2-48DD-9EEE-C14B6AC3258C', '2024-05-01T06:00:00Z', '2024-05-01T08:00:00Z', 1),
  ('TS-02', '48740B1B-0AA2-48DD-9EEE-C14B6AC3258C', '2024-05-01T10:00:00Z', '2024-05-01T12:00:00Z', 0),
  ('TS-03', '48740B1B-0AA2-48DD-9EEE-C14B6AC3258C', '2024-05-01T14:00:00Z', '2024-05-01T16:00:00Z', 0),
  ('TS-04', '48740B1B-0AA2-48DD-9EEE-C14B6AC3258C', '2024-05-01T18:00:00Z', '2024-05-01T20:00:00Z', 0),
  ('TS-05', '48740B1B-0AA2-48DD-9EEE-C14B6AC3258C', '2024-05-02T06:00:00Z', '2024-05-02T08:00:00Z', 1),
  ('TS-06', '48740B1B-0AA2-48DD-9EEE-C14B6AC3258C', '2024-05-02T10:00:00Z', '2024-05-02T12:00:00Z', 0),
  ('TS-07', '48740B1B-0AA2-48DD-9EEE-C14B6AC3258C', '2024-05-02T14:00:00Z', '2024-05-02T16:00:00Z', 0),
  ('TS-08', '48740B1B-0AA2-48DD-9EEE-C14B6AC3258C', '2024-05-02T18:00:00Z', '2024-05-02T20:00:00Z', 0),
  ('TS-09', '48740B1B-0AA2-48DD-9EEE-C14B6AC3258C', '2024-05-03T06:00:00Z', '2024-05-03T08:00:00Z', 0),
  ('TS-10', '48740B1B-0AA2-48DD-9EEE-C14B6AC3258C', '2024-05-03T10:00:00Z', '2024-05-03T12:00:00Z', 1),
  ('TS-11', '48740B1B-0AA2-48DD-9EEE-C14B6AC3258C', '2024-05-03T14:00:00Z', '2024-05-03T16:00:00Z', 0),
  ('TS-12', '48740B1B-0AA2-48DD-9EEE-C14B6AC3258C', '2024-05-03T18:00:00Z', '2024-05-03T20:00:00Z', 0),
  ('TS-13', '48740B1B-0AA2-48DD-9EEE-C14B6AC3258C', '2024-05-04T06:00:00Z', '2024-05-04T08:00:00Z', 1),
  ('TS-14', '48740B1B-0AA2-48DD-9EEE-C14B6AC3258C', '2024-05-04T10:00:00Z', '2024-05-04T12:00:00Z', 0),
  ('TS-15', '48740B1B-0AA2-48DD-9EEE-C14B6AC3258C', '2024-05-04T14:00:00Z', '2024-05-04T16:00:00Z', 0),
  ('TS-16', '48740B1B-0AA2-48DD-9EEE-C14B6AC3258C', '2024-05-04T18:00:00Z', '2024-05-04T20:00:00Z', 0),
  ('TS-17', 'E1A2B3C4-D5F6-4789-ABCD-EF1234567890', '2024-05-05T06:00:00Z', '2024-05-05T08:00:00Z', 1),
  ('TS-18', 'E1A2B3C4-D5F6-4789-ABCD-EF1234567890', '2024-05-05T10:00:00Z', '2024-05-05T12:00:00Z', 0),
  ('TS-19', 'E1A2B3C4-D5F6-4789-ABCD-EF1234567890', '2024-05-05T14:00:00Z', '2024-05-05T16:00:00Z', 0),
  ('TS-20', 'E1A2B3C4-D5F6-4789-ABCD-EF1234567890', '2024-05-05T18:00:00Z', '2024-05-05T20:00:00Z', 0),
  ('TS-21', 'E1A2B3C4-D5F6-4789-ABCD-EF1234567890', '2024-05-06T06:00:00Z', '2024-05-06T08:00:00Z', 0),
  ('TS-22', 'E1A2B3C4-D5F6-4789-ABCD-EF1234567890', '2024-05-06T10:00:00Z', '2024-05-06T12:00:00Z', 1),
  ('TS-23', 'E1A2B3C4-D5F6-4789-ABCD-EF1234567890', '2024-05-06T14:00:00Z', '2024-05-06T16:00:00Z', 0),
  ('TS-24', 'E1A2B3C4-D5F6-4789-ABCD-EF1234567890', '2024-05-06T18:00:00Z', '2024-05-06T20:00:00Z', 0),
  ('TS-25', 'F0E1D2C3-B4A5-4978-9876-543210FEDCBA', '2024-05-07T06:00:00Z', '2024-05-07T08:00:00Z', 1),
  ('TS-26', 'F0E1D2C3-B4A5-4978-9876-543210FEDCBA', '2024-05-07T10:00:00Z', '2024-05-07T12:00:00Z', 0),
  ('TS-27', 'F0E1D2C3-B4A5-4978-9876-543210FEDCBA', '2024-05-07T14:00:00Z', '2024-05-07T16:00:00Z', 0),
  ('TS-28', 'F0E1D2C3-B4A5-4978-9876-543210FEDCBA', '2024-05-07T18:00:00Z', '2024-05-07T20:00:00Z', 0),
  ('TS-29', 'F0E1D2C3-B4A5-4978-9876-543210FEDCBA', '2024-05-08T06:00:00Z', '2024-05-08T08:00:00Z', 0),
  ('TS-30', 'F0E1D2C3-B4A5-4978-9876-543210FEDCBA', '2024-05-08T10:00:00Z', '2024-05-08T12:00:00Z', 1),
  ('TS-31', 'F0E1D2C3-B4A5-4978-9876-543210FEDCBA', '2024-05-08T14:00:00Z', '2024-05-08T16:00:00Z', 0),
  ('TS-32', 'F0E1D2C3-B4A5-4978-9876-543210FEDCBA', '2024-05-08T18:00:00Z', '2024-05-08T20:00:00Z', 0);

INSERT INTO sightings (id, birder_id, site_id, species_common_name, observed_at, status) VALUES
  ('SG-01', 'D5F7BA6A-19C2-42F3-8080-17F098BB807D', '48740B1B-0AA2-48DD-9EEE-C14B6AC3258C', 'Northern Cardinal', '2024-05-01T07:15:00Z', 'verified'),
  ('SG-02', '507259D3-B912-4DBE-9D87-D5F06741B021', '48740B1B-0AA2-48DD-9EEE-C14B6AC3258C', 'American Robin',    '2024-05-02T07:30:00Z', 'pending'),
  ('SG-03', 'A1111111-1111-4111-8111-111111111111', 'E1A2B3C4-D5F6-4789-ABCD-EF1234567890', 'Red-eyed Vireo',    '2024-05-05T07:45:00Z', 'rejected');
